firstName,lastName,street,city,regionId,country,phone,email,zip
Roman,Test,110 William St,New York,43,US,1234567890,r.honchar@astoundcommerce.com,10038
Peter,Test,451 S 5th St,San Jose,12,US,243243242,r.honchar+1@astoundcommerce.com,95112
Alex,Test,2104 S Spring St,Springfield,23,US,243243243,r.honchar+2@astoundcommerce.com,62704
Igor,Test,6330 Lucille Ave,St. Louis,36,US,243243244,r.honchar+3@astoundcommerce.com,63136
Viktor,Test,5455 Wateka Dr,Dallas,57,US,243243245,r.honchar+4@astoundcommerce.com,75209
Pavel,Test,1100 Lucerne Terrace,Orlando,18,US,243243246,r.honchar+5@astoundcommerce.com,32806
Tomas,Test,154 S Dooley St,Hawkinsville,19,US,243243247,r.honchar+6@astoundcommerce.com,31036
Lester,Test,1400 2nd Pl,Des Moines,25,US,243243248,r.honchar+7@astoundcommerce.com,50314
Mike,Test,110 William St,New York,43,US,243243249,r.honchar+8@astoundcommerce.com,10038
Trevor,Test,451 S 5th St,San Jose,12,US,243243250,r.honchar+9@astoundcommerce.com,95112
Francklin,Test,2104 S Spring St,Springfield,23,US,243243251,r.honchar+10@astoundcommerce.com,62704
Damien,Test,6330 Lucille Ave,St. Louis,36,US,243243252,r.honchar+12@astoundcommerce.com,63136
Miron,Test,5455 Wateka Dr,Dallas,57,US,243243253,r.honchar+21@astoundcommerce.com,75209
Yurii,Test,1100 Lucerne Terrace,Orlando,18,US,243243254,r.honchar+11@astoundcommerce.com,32806
Olegh,Test,154 S Dooley St,Hawkinsville,19,US,243243255,r.honchar+23@astoundcommerce.com,31036
Anatolii,Test,1400 2nd Pl,Des Moines,25,US,243243256,r.honchar+14@astoundcommerce.com,50314
Alexander,Test,,,,US,243243257,r.honchar+25@astoundcommerce.com,
Yuliya,Test,,,,US,243243258,r.honchar+16@astoundcommerce.com,
Petro,Test,,,,US,243243259,r.honchar+27@astoundcommerce.com,
